Most-Requested Pages,

Database,www.outlet.com
Report Period,Mon Dec 14 1998
Start Time,Mon Dec 14 1998 12:00 AM
End Time,Mon Dec 14 1998 3:00 PM
Time Zone,US/Eastern

Top 500 Pages,
/SiteEntry:Unavailable (LandingPad),3731
/AdView:97868,591
/ProductNavigation:/Outlet/PC/Hardware,587
/AdView:96599,364
/AdView:48773,355
/ProductNavigation:/Outlet/Hardware,327
/ProductNavigation:/Outlet/Mac/Hardware,294
/AdView:29592,280
/ProductNavigation:/Outlet/PC/Software,265
/AdView:37654,211
/ProductNavigation:/Outlet/PC/Accessories,181
/AdView:33938,165
/ProductNavigation:/Outlet/Mac/Software,148
/ProductNavigation:/Outlet/PC/Hardware/Computers/Desktops,136
/AdView:48186,134
/ProductNavigation:/Outlet/PC/Hardware/Computers,133
/AdView:30000,116
/ProductNavigation:/Outlet/Accessories,113
/ProductNavigation:/Outlet/Mac/Hardware/Hardware Upgrades/Processors and Accelerators,108
/ProductNavigation:/Outlet/Hardware/Computers/PDAs,108
/AdView:34388,107
/ProductNavigation:/Outlet/PC/Software/Games,107
/ProductKeyWordSearch:playstation,105
/ProductNavigation:/Outlet/PC/Hardware/Computers/Notebooks,101
/ProductKeyWordSearch:digital,101
/ProductNavigation:/Outlet/PC/Software/Games/Role Play,101
/AdView:33244,96
/ProductKeyWordSearch:camera,89
/AdView:35274,86
/AdView:39989,75
/ProductNavigation:/Outlet/PC/Hardware/Hardware Upgrades/Graphics,73
/ProductKeyWordSearch:Sony,72
/ProductNavigation:/Outlet/Mac/Accessories,71
/ProductNavigation:/Outlet/Hardware/Computers/Notebooks,69
/ProductKeyWordSearch:modem,67
/ProductNavigation:/Outlet/Mac/Hardware/Computers,66
/ProductKeyWordSearch:printer,65
/ProductNavigation:/Outlet/Hardware/Digital Cameras/Still,65
/Information:/Help/About the Outlet,63
/ProductKeyWordSearch:zip,62
/AdView:33315,62
/AdView:34334,62
/ProductNavigation:/Outlet/PC/Hardware/Hardware Upgrades,62
/ProductNavigation:/Outlet/Hardware/Computers/Desktops,60
/ProductKeyWordSearch:epson,59
/ProductNavigation:/Outlet/PC/Hardware/Printers/Inkjet,59
/ProductNavigation:/Outlet/PC/Hardware/Printers,58
/ProductNavigation:/Outlet/Hardware/Scanners/Flatbed,58
/ProductKeyWordSearch:sony,57
/ProductNavigation:/Outlet/PC/Hardware/Scanners/Flatbed,57
/AdView:48237,56
/AdView:36442,55
/ProductNavigation:/Outlet/PC/Software/Games/Simulations,55
/ProductNavigation:/Outlet/Hardware/Digital Cameras,55
/ProductKeyWordSearch:gate,55
/ProductNavigation:/Outlet/Software,55
/ProductNavigation:/Outlet/Software/Games/Nintendo & Playstation,52
/ProductKeyWordSearch:Playstation,51
/ProductNavigation:/Outlet/Hardware/Computers,51
/ProductNavigation:/Outlet/PC/Hardware/Drives,50
/AdView:48747,50
"/ProductNavigation:/Outlet/PC/Accessories/Keyboards, Mice & Joysticks/Joysticks, Steering Wheels, and Flt Sim Hdwr",50
/ProductNavigation:/Outlet/Hardware/Drives/Hard Drives,50
/ProductNavigation:/Outlet/PC/Hardware/Drives/CD-ROM,49
/DetailedProductView:NO CATEGORY:56471,49
/Information:/Help/Shipping Information,48
/ProductNavigation:/Outlet/Software/Games/Simulations,48
/ProductNavigation:/Outlet/PC/Hardware/Drives/Hard Drives,45
/Information:/Help/Personal Profile,45
"/ProductNavigation:/Outlet/Accessories/Cables, Switches & Adapters/Cables",43
/ProductNavigation:/Outlet/Mac/Software/Games,42
/ProductNavigation:/Outlet/PC/Hardware/Monitors/17 inch,42
/Information:/Help/Contact Information,42
/ProductNavigation:/Outlet/Hardware/Printers/Inkjet,41
/AdView:21293,41
/ProductNavigation:/Outlet/PC/Hardware/Monitors,41
/ProductKeyWordSearch:Nintendo,40
/ProductKeyWordSearch:packard,39
/ProductNavigation:/Outlet/Hardware/Monitors/Video Cards,38
/ProductNavigation:/Outlet/Hardware/Printers,38
/ProductNavigation:/Outlet/Mac/Hardware/Computers/Desktops,38
/ProductNavigation:/Outlet/Hardware/Hardware Upgrades/Processors and Accelerators,38
/ProductKeyWordSearch:video,37
/ProductNavigation:/Outlet/Mac/Hardware/Scanners,36
/ProductNavigation:/Outlet/PC/Hardware/Scanners,36
/ProductKeyWordSearch:hewlett,35
/ProductKeyWordSearch:card,34
/ProductKeyWordSearch:psx,34
/AdView:25238,34
/ProductKeyWordSearch:falcon,34
/ProductNavigation:/Outlet/Accessories/Printer Supplies/Ink Cartridges,34
/ProductNavigation:/Outlet/Mac/Hardware/Computers/Notebooks,34
/ProductNavigation:/Outlet/Mac/Hardware/Hardware Upgrades,34
/AdView:33606,33
/ProductKeyWordSearch:stylus,33
/Information:/Help/Privacy and Security,33
/ProductNavigation:/Outlet/Hardware/Hardware Upgrades/Graphics,32
/AdView:43057,32
/ProductKeyWordSearch:scanners,32
/ProductNavigation:/Outlet/Mac/Hardware/Drives,32
/ProductNavigation:/Outlet/Mac/Hardware/Printers,31
/ProductKeyWordSearch:hp,31
/AdView:17200,31
/ProductNavigation:/Outlet/Mac/Software/Utilities & OS,31
"/ProductNavigation:/Outlet/PC/Accessories/Keyboards, Mice & Joysticks",30
/ProductKeyWordSearch:II,30
/ProductKeyWordSearch:palm,30
/AdView:34543,29
/ProductNavigation:/Outlet/Mac/Software/Utilities & OS/Other,29
/ProductKeyWordSearch:newer,29
/ProductNavigation:/Outlet/PC/Hardware/Hardware Upgrades/Processors and Accelerators,29
/DetailedProductView:NO CATEGORY:48763,29
/ProductNavigation:/Outlet/Mac/Hardware/Printers/Inkjet,28
/DetailedProductView:NO CATEGORY:75274,27
/ProductKeyWordSearch:IBM,27
/ProductNavigation:/Outlet/PC/Hardware/Digital Cameras/Still,26
/ProductKeyWordSearch:Pack,25
/ProductKeyWordSearch:cable,25
/ProductKeyWordSearch:pc,25
/ProductKeyWordSearch:cards,25
/ProductNavigation:/Outlet/PC/Hardware/Digital Cameras,25
/ProductNavigation:/Outlet/PC/Hardware/Multimedia & Presentation,25
/AdView:46611,25
/ProductKeyWordSearch:Rumble,25
/ProductNavigation:/Outlet/Hardware/Drives,24
/ProductKeyWordSearch:scanner,24
/ProductNavigation:/Outlet/Software/Games/Strategy,24
/ProductKeyWordSearch:baldur's,24
/AdView:40770,24
/ProductNavigation:/Outlet/Hardware/Memory,24
/Information:/Help/Shipping Information/Domestic Shipping,23
/DetailedProductView:NO CATEGORY:28669,23
/ProductKeyWordSearch:2,23
/ProductKeyWordSearch:accelerator,23
/ProductKeyWordSearch:diamond,23
/ProductKeyWordSearch:memory,23
/ProductNavigation:/Outlet/Mac/Hardware/Modems & Networking/Fax & Modem,23
/ProductNavigation:/Outlet/Hardware/Monitors/17 inch,22
/ProductNavigation:/Outlet/PC/Software/Programming Languages,22
/ProductNavigation:/Outlet/Mac/Software/Games/Adventure,22
/ProductKeyWordSearch:Packard,22
/ProductNavigation:/Outlet/Hardware/Hardware Upgrades,22
/Information:/Help/FAQ,22
/AdView:96558,22
/Information:/Help/How to Place an Order,21
/ProductKeyWordSearch:HP,21
/ProductKeyWordSearch:-,21
/ProductKeyWordSearch:usb,21
/ProductNavigation:/Outlet/PC/Software/Games/Action,21
/ProductKeyWordSearch:metal,21
/DetailedProductView:NO CATEGORY:75276,21
/ProductNavigation:/Outlet/Hardware/Scanners,21
/ProductKeyWordSearch:pilot,20
/DetailedProductView:NO CATEGORY:75329,20
/ProductKeyWordSearch:printers,20
/AdClick:97868,20
/ProductKeyWordSearch:VooDoo,20
/ProductNavigation:/Outlet/PC/Hardware/Printers/Laser,20
/ProductNavigation:/Outlet/Hardware/Drives/CD-ROM,20
/ProductKeyWordSearch:Drives,19
/ProductKeyWordSearch:and,19
/ProductNavigation:/Outlet/Software/Games/Role Play,19
/ProductNavigation:/Outlet/PC/Accessories/Accessories & Furniture,19
/ProductNavigation:/Outlet/Mac/Hardware/Modems & Networking,19
/ProductNavigation:/Outlet/Mac/Hardware/Monitors,19
/ProductKeyWordSearch:Gate,19
/ProductKeyWordSearch:800,19
/AdView:35483,19
/ProductNavigation:/Outlet/Mac/Hardware/Drives/CD-ROM,19
/ProductKeyWordSearch:twisted,19
/Information:/Help/How to Place an Order/Purchase Orders,19
"/ProductNavigation:/Outlet/Mac/Accessories/Keyboards, Mice & Joysticks",18
/ProductNavigation:/Outlet/Mac/Hardware/Hardware Upgrades/Graphics,18
/ProductKeyWordSearch:cameras,18
/ProductNavigation:/Outlet/PC/Accessories/Notebook Accessories/General,18
/ProductKeyWordSearch:iomega,18
/ProductNavigation:/Outlet/PC/Software/Games/Adventure,18
/AdView:41381,18
/ProductKeyWordSearch:cd,17
/ProductKeyWordSearch:3D,17
/ProductNavigation:/Outlet/Mac/Software/Games/Action,17
/DetailedProductView:NO CATEGORY:75255,17
/ProductNavigation:/Outlet/Software/Education/Reference,17
/ProductNavigation:/Outlet/PC/Software/Utilities & OS/Other,17
/AdClick:48186,17
/ProductKeyWordSearch:virtual,17
/ProductNavigation:/Outlet/PC/Software/Graphics & Design/Desktop Publishing,17
/ProductKeyWordSearch:color,16
/ProductNavigation:/Outlet/Mac/Hardware/Drives/Hard Drives,16
/ShoppingCartInsert:NO CATEGORY:48763,16
/ProductNavigation:/Outlet/PC/Software/Games/Strategy,16
/DetailedProductView:NO CATEGORY:81705,16
/ProductKeyWordSearch:Mavica,16
/ProductKeyWordSearch:of,16
/ProductNavigation:/Outlet/PC/Hardware/Monitors/15 inch,16
/AdView:35220,16
/ProductKeyWordSearch:console,16
/ProductKeyWordSearch:Hard,16
/DetailedProductView:NO CATEGORY:47983,16
/ProductNavigation:/Outlet/Mac/Hardware/Digital Cameras,16
/Information:/Help/Shipping Information/International Shipping,15
/ProductNavigation:/Outlet/Mac/Hardware/Digital Cameras/Still,15
/ProductKeyWordSearch:mac,15
/ProductKeyWordSearch:speakers,15
/ProductKeyWordSearch:3com,15
/AdView:28925,15
"/ProductNavigation:/Outlet/Mac/Accessories/Cables, Switches & Adapters/Cables",15
/ShoppingCartInsert:NO CATEGORY:70916,15
/ProductKeyWordSearch:interplay,15
/ProductKeyWordSearch:baldur,15
/DetailedProductView:NO CATEGORY:70916,15
/ProductNavigation:/Outlet/PC/Software/Games/Nintendo & Playstation,15
/ProductKeyWordSearch:g3,15
/DetailedProductView:NO CATEGORY:81664,14
/ProductKeyWordSearch:Baldur's,14
/AdView:20491,14
/AdView:28049,14
/ProductNavigation:/Outlet/PC/Hardware/Monitors/Video Cards,14
/ProductKeyWordSearch:cartridges,14
/ProductNavigation:/Outlet/PC/Hardware/Modems & Networking,14
/ProductNavigation:/Outlet/PC/Hardware/Computers/PDAs,14
/ProductKeyWordSearch:monitor,14
/ProductNavigation:/Outlet/Mac/Software/Graphics & Design,14
/ProductKeyWordSearch:monitors,14
/ProductNavigation:/Outlet/Software/Games,14
/ProductNavigation:/Outlet/PC/Software/Graphics & Design,14
/ProductNavigation:/Outlet/Hardware/Printers/Multi-function,14
/DetailedProductView:NO CATEGORY:96139,14
/ProductNavigation:/Outlet/Hardware/Printers/Laser,14
/ProductKeyWordSearch:adapter,14
/ProductKeyWordSearch:wireless,13
/ProductNavigation:/Boutiques/Iomega/All Zip Drives,13
/ShoppingCartInsert:NO CATEGORY:28669,13
/AdView:23053,13
/ProductNavigation:/Outlet/Mac/Hardware/Scanners/Flatbed,13
/DetailedProductView:NO CATEGORY:75246,13
/ProductKeyWordSearch:Monster,13
/ProductKeyWordSearch:microsoft,13
/AdView:36320,13
/ProductNavigation:/Outlet/Software/Games/General,13
/ProductKeyWordSearch:III,13
/ProductKeyWordSearch:laser,13
/ProductNavigation:/Outlet/PC/Accessories/Printer Supplies,13
/ProductKeyWordSearch:rio,13
/DetailedProductView:NO CATEGORY:70951,13
/ProductNavigation:/Outlet/PC/Accessories/Notebook Accessories,13
/ProductNavigation:/Outlet/Mac/Software/Games/Classic,13
/ProductKeyWordSearch:print,13
/ProductNavigation:/Outlet/Hardware/Modems & Networking,13
/ProductKeyWordSearch:pcmcia,13
/ProductKeyWordSearch:Bell,13
/ProductKeyWordSearch:deluxe,13
/AdView:29695,13
/ProductKeyWordSearch:Epson,13
/ProductNavigation:/Outlet/PC/Software/Business,13
/DetailedProductView:NO CATEGORY:56490,13
/ProductKeyWordSearch:monster,12
/ProductNavigation:/Outlet/PC/Accessories/Printer Supplies/Ink Cartridges,12
/Information:/Help/Privacy and Security/Security,12
/DetailedProductView:NO CATEGORY:81789,12
/ProductKeyWordSearch:baldurs,12
"/ProductNavigation:/Outlet/Mac/Accessories/Cables, Switches & Adapters",12
/ProductKeyWordSearch:Falcon,12
/ProductNavigation:/Outlet/Hardware/Monitors,12
/ProductKeyWordSearch:game,12
/ProductKeyWordSearch:kodak,12
/ProductKeyWordSearch:cartridge,12
"/ProductNavigation:/Outlet/Accessories/Keyboards, Mice & Joysticks/Joysticks, Steering Wheels, and Flt Sim Hdwr",12
/AdClick:96599,12
/AdView:35620,12
/ProductNavigation:/Outlet/PC/Software/Internet & Communications/General,12
/ProductKeyWordSearch:Digital,12
/ProductKeyWordSearch:dvd,12
/ProductKeyWordSearch:850,12
/ShoppingCartInsert:NO CATEGORY:56601,12
/ProductKeyWordSearch:canon,12
/ProductNavigation:/Outlet/Mac/Software/Games/Simulations,12
/ProductKeyWordSearch:boy,12
/ProductKeyWordSearch:powerbook,12
/ProductNavigation:/Outlet/PC/Software/Graphics & Design/Photo Editing,11
/ProductNavigation:/Outlet/Hardware/Modems & Networking/Ethernet Adapters,11
"/ProductNavigation:/Outlet/Accessories/Cables, Switches & Adapters",11
/AdClick:33244,11
"/ProductNavigation:/Outlet/PC/Accessories/Cables, Switches & Adapters",11
"/ProductNavigation:/Outlet/PC/Accessories/Cables, Switches & Adapters/Cables",11
/DetailedProductView:NO CATEGORY:47965,11
/ProductNavigation:/Outlet/Hardware/Multimedia & Presentation/Speakers,11
/DetailedProductView:NO CATEGORY:49416,11
/ProductKeyWordSearch:Lexmark,11
/ProductNavigation:/Outlet/PC/Software/Home,11
/ProductNavigation:/Outlet/Mac/Software/Upgrades,11
/ProductNavigation:/Outlet/Hardware/Hardware Upgrades/Motherboards,11
/ProductNavigation:/Outlet/PC/Hardware/Monitors/19 inch,11
"/ProductNavigation:/Outlet/Accessories/Keyboards, Mice & Joysticks",11
"/ProductNavigation:/Outlet/PC/Accessories/Keyboards, Mice & Joysticks/Keyboards",11
/AdView:48744,11
/ProductNavigation:/Outlet/PC/Software/Home/Hobbies,11
/ProductKeyWordSearch:black,11
/ProductNavigation:/Outlet/Mac/Software/Education,11
/ProductNavigation:/Outlet/PC/Software/Education/General,10
/ProductKeyWordSearch:deskjet,10
/DetailedProductView:NO CATEGORY:70558,10
/AdView:97115,10
/ProductKeyWordSearch:iprint,10
/ProductNavigation:/Outlet/Accessories/Accessories & Furniture,10
/ProductKeyWordSearch:nintendo,10
/ProductNavigation:/Outlet/PC/Accessories/Storage Media,10
/AdClick:48768,10
"/ProductNavigation:/Outlet/Mac/Accessories/Keyboards, Mice & Joysticks/Joysticks, Steering Wheels, and Flt Sim Hdwr",10
/ProductKeyWordSearch:4.0,10
/ProductKeyWordSearch:Diamond,10
/ProductKeyWordSearch:keyboard,10
/ProductKeyWordSearch:myth,10
/ProductNavigation:/Outlet/PC/Hardware/Hardware Upgrades/Motherboards,10
/AdView:34564,10
/ProductNavigation:/Outlet/Hardware/Digital Cameras/General,10
/AdClick:48237,10
/ProductNavigation:/Outlet/PC/Hardware/Modems & Networking/Fax & Modem,10
/ProductNavigation:/Outlet/Hardware/Multimedia & Presentation,10
/AdView:35236,10
/ProductKeyWordSearch:pb,10
/ProductNavigation:/Outlet/PC/Software/Utilities & OS,10
/ProductNavigation:/Outlet/Software/Games/Sports,10
/DetailedProductView:NO CATEGORY:70444,10
/ProductKeyWordSearch:bell,10
/ProductKeyWordSearch:4,10
/ProductKeyWordSearch:99,10
/ProductKeyWordSearch:vedio,10
/AdView:23949,10
/ProductKeyWordSearch:blaster,10
/Information:/Help/How to Shop,10
/ProductKeyWordSearch:hewlet,10
/ProductNavigation:/Outlet/Hardware/Monitors/19 inch,10
/ProductKeyWordSearch:link,10
/Information:/Help/Shipping Information/When to Expect Your Order,10
/ProductKeyWordSearch:imac,10
/DetailedProductView:NO CATEGORY:81816,10
/ProductNavigation:/Outlet/Mac/Software/Graphics & Design/General,10
/ProductKeyWordSearch:quicken,9
/ProductNavigation:/Outlet/Hardware/Monitors/15 inch,9
/ProductKeyWordSearch:3d,9
/DetailedProductView:NO CATEGORY:81607,9
/ProductKeyWordSearch:740,9
/ProductKeyWordSearch:banshee,9
/DetailedProductView:NO CATEGORY:95337,9
/ProductKeyWordSearch:pci,9
/ProductKeyWordSearch:Palm,9
/ProductKeyWordSearch:writer,9
/ProductNavigation:/Outlet/PC/Hardware/Hardware Upgrades/Sound,9
/ProductKeyWordSearch:yamaha,9
/ProductKeyWordSearch:Multimedia,9
/DetailedProductView:NO CATEGORY:81462,9
/ProductNavigation:/Outlet/Mac/Software/Education/Reference,9
/ProductNavigation:/Outlet/Mac/Hardware/Monitors/17 inch,9
/ProductNavigation:/Outlet/Software/Games/Adventure,9
/ProductKeyWordSearch:1120c,9
/ProductKeyWordSearch:12MB,9
/ProductNavigation:/Boutiques/UMAX/Scanners,9
/Information:/Help/About the Outlet/Outletings,9
/DetailedProductView:NO CATEGORY:45889,9
/DetailedProductView:NO CATEGORY:75328,9
/ProductNavigation:/Outlet/Mac/Hardware/Printers/Laser,9
/ProductKeyWordSearch:Baldur,9
/ProductKeyWordSearch:Deskjet,9
/ProductNavigation:/Outlet/Mac/Accessories/Notebook Accessories,9
/ProductNavigation:/Outlet/PC/Software/Home/Movies,9
/ProductKeyWordSearch:SOUND,9
/ProductNavigation:/Outlet/Mac/Software/Games/Role Play,9
/ProductNavigation:/Outlet/Hardware/Digital Cameras/Full-motion,9
/ProductKeyWordSearch:kensington,8
/ProductKeyWordSearch:creative,8
/DetailedProductView:NO CATEGORY:75264,8
/ShoppingCartInsert:NO CATEGORY:96139,8
/ProductKeyWordSearch:SL,8
/ProductKeyWordSearch:ibm,8
/ProductKeyWordSearch:notebook,8
/ProductKeyWordSearch:HEWLETT,8
/ProductKeyWordSearch:640,8
/Information:/Help/About the Outlet/Advertising & Vendor Info,8
/DetailedProductView:NO CATEGORY:96741,8
/ProductNavigation:/Outlet/PC/Software/Games/Sports,8
/ProductNavigation:/Outlet/Software/Education/College,8
/ProductKeyWordSearch:peripherals,8
/ProductKeyWordSearch:400,8
/AdView:36366,8
/DetailedProductView:NO CATEGORY:81460,8
/DetailedProductView:NO CATEGORY:81319,8
/ProductKeyWordSearch:+cameras,8
/ProductNavigation:/Outlet/Mac/Software/Utilities & OS/PC Maintenance,8
/DetailedProductView:NO CATEGORY:70925,8
/ProductKeyWordSearch:diablo,8
/ProductNavigation:/Outlet/Mac/Accessories/Storage Media,8
/DetailedProductView:NO CATEGORY:81663,8
/AdClick:46611,8
/ProductNavigation:/Outlet/PC/Hardware/Digital Cameras/Full-motion,8
/ProductKeyWordSearch:Microsoft,8
"/ProductNavigation:/Outlet/PC/Accessories/Keyboards, Mice & Joysticks/Trackballs, Touchpads",8
/DetailedProductView:NO CATEGORY:81207,8
/ProductKeyWordSearch:studio,8
/ProductKeyWordSearch:PACKARD,8
/ProductKeyWordSearch:ink,8
/ProductNavigation:/Outlet/Mac/Hardware/Monitors/20+ inch,8
/AdView:20416,8
/DetailedProductView:NO CATEGORY:81704,8
/ProductNavigation:/Outlet/Mac/Software/Home/Movies,8
/ProductKeyWordSearch:233,8
/ProductNavigation:/Outlet/PC/Hardware/Modems & Networking/PCMCIA,8
/ProductKeyWordSearch:upgrade,8
/ProductKeyWordSearch:imation,7
/ProductNavigation:/Outlet/PC/Hardware/Drives/Zip Drives,7
/DetailedProductView:NO CATEGORY:62372,7
/ProductKeyWordSearch:ram,7
/DetailedProductView:NO CATEGORY:70913,7
/DetailedProductView:NO CATEGORY:96340,7
/ShoppingCartInsert:NO CATEGORY:81685,7
/ProductKeyWordSearch:flight,7
/ProductKeyWordSearch:presario,7
/ProductKeyWordSearch:barbie,7
/ProductNavigation:/Outlet/Hardware/Digital Cameras/Media,7
/ProductKeyWordSearch:umax,7
"/ProductNavigation:/Outlet/PC/Hardware/Multimedia & Presentation/Overhead Projectors, Display Adapters",7
/ProductKeyWordSearch:velo,7
/DetailedProductView:NO CATEGORY:70946,7
/ProductKeyWordSearch:series,7
/DetailedProductView:NO CATEGORY:81609,7
/DetailedProductView:NO CATEGORY:80564,7
/ProductKeyWordSearch:greeting,7
/DetailedProductView:NO CATEGORY:48375,7
/ProductKeyWordSearch:palmpilot,7
/ProductKeyWordSearch:internet,7
/ProductNavigation:/Outlet/PC/Hardware/Monitors/LCD&,7
/ProductNavigation:/Outlet/Mac/Software/Games/Shooting,7
/ProductKeyWordSearch:toshiba,7
/ProductNavigation:/Outlet/Mac/Hardware/Drives/Removable Media,7
/ProductNavigation:/Outlet/PC/Software/Upgrades,7
/DetailedProductView:NO CATEGORY:45891,7
/DetailedProductView:NO CATEGORY:96225,7
/ProductKeyWordSearch:500,7
/ProductKeyWordSearch:hub,7
/DetailedProductView:NO CATEGORY:16228,7
/DetailedProductView:NO CATEGORY:47935,7
/AdClick:29592,7
/ProductKeyWordSearch:point,7
/ProductKeyWordSearch:CARDS,7
/ProductNavigation:/Outlet/Mac/Software/Utilities & OS/Operating System,7
/ProductNavigation:/Outlet/Hardware/Printers/General,7
/DetailedProductView:NO CATEGORY:96368,7
/ProductKeyWordSearch:2.0,7
/AdClick:33606,7
/ShoppingCartInsert:NO CATEGORY:47447,7
/ProductKeyWordSearch:PRINTER,7
/ProductKeyWordSearch:lighting,7
/ProductKeyWordSearch:plus,7
/DetailedProductView:NO CATEGORY:95691,7
/ProductNavigation:/Boutiques/Microsoft/Office Products/Office Suites,7
/ProductNavigation:/Outlet/PC/Software/Utilities & OS/PC Maintenance,7
/DetailedProductView:NO CATEGORY:80964,7
/DetailedProductView:NO CATEGORY:48773,7
/AdClick:34334,7
/AdView:48912,7
/ProductNavigation:/Outlet/PC/Hardware/Drives/Removable Media,7
/ProductKeyWordSearch:3,6
/DetailedProductView:NO CATEGORY:81022,6
/ProductNavigation:/Boutiques/Syquest/SparQ,6
/ProductNavigation:/Outlet/Hardware/Monitors/20+ inch,6
/Information:/Help/Shipping Information/Order Tracking,6
"/ProductNavigation:/Outlet/Mac/Accessories/Keyboards, Mice & Joysticks/Mice",6
/ProductKeyWordSearch:250mb,6
/DetailedProductView:NO CATEGORY:45618,6
/AdView:19568,6
/DetailedProductView:NO CATEGORY:47274,6
/ProductKeyWordSearch:pda,6
/DetailedProductView:NO CATEGORY:80982,6
/ShoppingCartInsert:NO CATEGORY:96005,6
/ProductKeyWordSearch:Empires,6
/ProductKeyWordSearch:nisus,6
/DetailedProductView:NO CATEGORY:81491,6
/DetailedProductView:NO CATEGORY:56201,6
/ProductKeyWordSearch:64,6
/DetailedProductView:NO CATEGORY:48870,6
/ProductKeyWordSearch:Cartridge,6
/ProductNavigation:/Outlet/Mac/Software/Games/Strategy,6
/ProductKeyWordSearch:keyboards,6
/AdView:96708,6
/ProductKeyWordSearch:tech,6
/ProductKeyWordSearch:dreamweaver,6
/ProductKeyWordSearch:utilities,6
/DetailedProductView:NO CATEGORY:47296,6
/DetailedProductView:NO CATEGORY:48335,6
/DetailedProductView:NO CATEGORY:81766,6
/ProductKeyWordSearch:xlr8,6
/ProductKeyWordSearch:starcraft,6
/DetailedProductView:NO CATEGORY:48716,6
/ProductKeyWordSearch:DIGITAL,6
"/ProductNavigation:/Outlet/Accessories/Cables, Switches & Adapters/SCSI Cables",6
/ProductKeyWordSearch:processors,6
/ProductNavigation:/Outlet/PC/Accessories/Printer Supplies/Other,6
/ProductKeyWordSearch:flash,6
/ProductKeyWordSearch:Age,6
/ProductKeyWordSearch:USb,6