Closed,SB23197395,995000,1116000,1960,1556,9789,10/27/2023 12:00:00 AM,11/05/2023 12:00:00 AM,11/20/2023 12:00:00 AM,4
Closed,PV24149852,999000,1120000,1959,1766,7322,07/23/2024 12:00:00 AM,08/03/2024 12:00:00 AM,09/03/2024 12:00:00 AM,11
Closed,SB25260959,1125000,1145000,1957,1668,6155,11/14/2025 12:00:00 AM,11/28/2025 12:00:00 AM,01/08/2026 12:00:00 AM,6
Closed,SB23198838,1299000,1174000,1963,2254,5918,10/25/2023 12:00:00 AM,12/14/2023 12:00:00 AM,01/05/2024 12:00:00 AM,43
Closed,PV23165526,1179000,1179000,1963,1420,5975,09/07/2023 12:00:00 AM,09/12/2023 12:00:00 AM,10/04/2023 12:00:00 AM,5
Closed,SB25112089,1100000,1200000,1957,1576,6701,06/03/2025 12:00:00 AM,06/14/2025 12:00:00 AM,08/14/2025 12:00:00 AM,11
Closed,SB25111492,1150000,1201000,1959,1520,6315,05/18/2025 12:00:00 AM,05/29/2025 12:00:00 AM,06/24/2025 12:00:00 AM,8
Closed,SB23099586,1179000,1225000,1959,1636,7001,06/06/2023 12:00:00 AM,06/14/2023 12:00:00 AM,07/21/2023 12:00:00 AM,8
Closed,SB23120199,1235000,1235000,1956,1583,5666,07/06/2023 12:00:00 AM,07/23/2023 12:00:00 AM,09/01/2023 12:00:00 AM,17
Closed,PV23087798,1325000,1235000,1960,2041,7285,05/22/2023 12:00:00 AM,06/14/2023 12:00:00 AM,07/31/2023 12:00:00 AM,23
Closed,WS25179730,1260000,1250000,1959,1304,7321,08/11/2025 12:00:00 AM,09/05/2025 12:00:00 AM,10/01/2025 12:00:00 AM,25
Closed,SB24044479,1320000,1280000,1954,1492,286319880,01/02/2024 12:00:00 AM,01/27/2024 12:00:00 AM,02/28/2024 12:00:00 AM,0
Closed,25484155,1099000,1285000,1960,1546,6001,01/17/2025 12:00:00 AM,01/27/2025 12:00:00 AM,03/05/2025 12:00:00 AM,4
Closed,25588149,1369000,1295000,1955,2214,6507,09/05/2025 12:00:00 AM,10/19/2025 12:00:00 AM,11/05/2025 12:00:00 AM,56
Closed,PV25226375,1299000,1299000,1956,1608,5601,09/13/2025 12:00:00 AM,10/09/2025 12:00:00 AM,11/21/2025 12:00:00 AM,13
Closed,SB25243935,990000,1300000,1959,1473,7375,10/20/2025 12:00:00 AM,11/05/2025 12:00:00 AM,12/01/2025 12:00:00 AM,14
Closed,SB25022740,1375000,1300000,1962,1952,5406,02/03/2025 12:00:00 AM,05/27/2025 12:00:00 AM,07/16/2025 12:00:00 AM,112
Closed,SB24149345,1378000,1313000,1974,2386,6439,07/29/2024 12:00:00 AM,09/17/2024 12:00:00 AM,10/16/2024 12:00:00 AM,49
Closed,PV24198709,1329000,1315000,1956,2353,6512,10/15/2024 12:00:00 AM,01/13/2025 12:00:00 AM,02/13/2025 12:00:00 AM,89
Closed,SB24027709,1339000,1320000,1959,1736,7263,02/07/2024 12:00:00 AM,06/24/2024 12:00:00 AM,07/12/2024 12:00:00 AM,91
Closed,25561877,1350000,1320000,1964,2531,6572,08/06/2025 12:00:00 AM,12/15/2025 12:00:00 AM,01/27/2026 12:00:00 AM,181
Closed,SB23135764,1175000,1330000,1956,2134,5947,07/25/2023 12:00:00 AM,08/04/2023 12:00:00 AM,08/25/2023 12:00:00 AM,8
Closed,PV25092633,1399000,1335000,1957,1564,8281,04/27/2025 12:00:00 AM,08/21/2025 12:00:00 AM,09/23/2025 12:00:00 AM,116
Closed,SB26064776,1299000,1350000,1956,2022,7199,03/09/2026 12:00:00 AM,03/09/2026 12:00:00 AM,03/25/2026 12:00:00 AM,0
Closed,SB25161555,1389000,1350000,1955,2059,7082,07/23/2025 12:00:00 AM,12/04/2025 12:00:00 AM,12/19/2025 12:00:00 AM,134
Closed,SB25183958,1399000,1360000,1955,1626,5823,08/13/2025 12:00:00 AM,11/11/2025 12:00:00 AM,12/10/2025 12:00:00 AM,88
Closed,PV25184747,1375000,1375000,1957,1574,7896,08/26/2025 12:00:00 AM,10/14/2025 12:00:00 AM,11/06/2025 12:00:00 AM,49
Closed,SB25014584,1100000,1380000,1960,1702,9262,02/04/2025 12:00:00 AM,02/20/2025 12:00:00 AM,03/18/2025 12:00:00 AM,9
Closed,SB24109335,1389000,1380000,1959,1836,7890,05/31/2024 12:00:00 AM,07/13/2024 12:00:00 AM,08/22/2024 12:00:00 AM,24
Closed,PV23167628,1375000,1385000,1960,1965,11699,09/07/2023 12:00:00 AM,09/20/2023 12:00:00 AM,11/02/2023 12:00:00 AM,13
Closed,SB24141891,1379000,1391000,1959,1772,6571,07/10/2024 12:00:00 AM,07/18/2024 12:00:00 AM,08/22/2024 12:00:00 AM,6
Closed,OC25069378,1400000,1395000,1961,1478,5997,03/31/2025 12:00:00 AM,04/11/2025 12:00:00 AM,05/13/2025 12:00:00 AM,11
Closed,PV25014299,1429000,1405000,1967,2249,6410,01/27/2025 12:00:00 AM,02/20/2025 12:00:00 AM,03/07/2025 12:00:00 AM,22
Closed,SB24181515,1425000,1406250,1960,1854,11681,09/07/2024 12:00:00 AM,10/01/2024 12:00:00 AM,11/05/2024 12:00:00 AM,23
Closed,24407933,1399000,1407000,1964,2547,6200,06/27/2024 12:00:00 AM,07/24/2024 12:00:00 AM,08/28/2024 12:00:00 AM,37
Closed,SB24223204,999999,1425000,1961,2170,7285,10/21/2024 12:00:00 AM,11/15/2024 12:00:00 AM,01/22/2025 12:00:00 AM,17
Closed,SR24090624,1379000,1425000,1961,1920,6148,05/01/2024 12:00:00 AM,05/23/2024 12:00:00 AM,06/12/2024 12:00:00 AM,13
Closed,SB24022450,1199000,1430000,1964,1776,9714,02/01/2024 12:00:00 AM,02/29/2024 12:00:00 AM,03/19/2024 12:00:00 AM,24
Closed,PV24092877,1499000,1475000,1971,2072,11972,05/09/2024 12:00:00 AM,06/14/2024 12:00:00 AM,07/12/2024 12:00:00 AM,36
Closed,OC25013178,1475000,1500000,1962,2665,6269,01/20/2025 12:00:00 AM,01/31/2025 12:00:00 AM,02/28/2025 12:00:00 AM,11
Closed,AR25272944,1500000,1500000,1961,1910,6747,12/08/2025 12:00:00 AM,01/28/2026 12:00:00 AM,01/28/2026 12:00:00 AM,36
Closed,SB23090356,1569000,1500000,1962,2085,8516,05/26/2023 12:00:00 AM,07/07/2023 12:00:00 AM,08/01/2023 12:00:00 AM,42
Closed,PF23122834,1700000,1510000,1964,1884,10995,10/26/2023 12:00:00 AM,11/11/2023 12:00:00 AM,11/30/2023 12:00:00 AM,16
Closed,PV24089541,1575000,1511250,1957,2157,8546,05/03/2024 12:00:00 AM,06/21/2024 12:00:00 AM,09/04/2024 12:00:00 AM,38
Closed,PV23099072,1499000,1539000,1961,1666,7102,06/05/2023 12:00:00 AM,06/17/2023 12:00:00 AM,07/18/2023 12:00:00 AM,8
Closed,SB25047788,1595000,1557800,1955,1695,5933,03/03/2025 12:00:00 AM,03/24/2025 12:00:00 AM,05/07/2025 12:00:00 AM,4
Closed,SB23166413,1625000,1585000,1968,2339,13277,09/06/2023 12:00:00 AM,10/07/2023 12:00:00 AM,11/22/2023 12:00:00 AM,31
Closed,PV24107605,1599000,1599000,1957,2145,11707,05/31/2024 12:00:00 AM,06/07/2024 12:00:00 AM,06/28/2024 12:00:00 AM,7
Closed,SB26011546,1499000,1600000,1959,1968,9153,01/29/2026 12:00:00 AM,02/06/2026 12:00:00 AM,02/27/2026 12:00:00 AM,8
Closed,SB25055171,1599000,1600000,1957,2824,8726,03/12/2025 12:00:00 AM,03/14/2025 12:00:00 AM,03/25/2025 12:00:00 AM,1
Closed,PV23196250,1649999,1600000,1965,2098,8914,10/20/2023 12:00:00 AM,03/05/2024 12:00:00 AM,04/03/2024 12:00:00 AM,137
Closed,SB24006391,1299000,1610000,1962,2297,9969,01/11/2024 12:00:00 AM,01/18/2024 12:00:00 AM,02/09/2024 12:00:00 AM,6
Closed,PV24019481,1499000,1625000,1957,2827,8406,02/03/2024 12:00:00 AM,02/14/2024 12:00:00 AM,05/15/2024 12:00:00 AM,10
Closed,PW24090842,1688000,1650000,1975,2475,7844,05/17/2024 12:00:00 AM,05/26/2024 12:00:00 AM,06/27/2024 12:00:00 AM,9
Closed,SB25003801,1698000,1650000,1955,1730,6148,01/07/2025 12:00:00 AM,03/25/2025 12:00:00 AM,04/25/2025 12:00:00 AM,27
Closed,PV25042156,1699000,1725000,1961,1952,5998,02/25/2025 12:00:00 AM,03/05/2025 12:00:00 AM,04/17/2025 12:00:00 AM,8
Closed,25504435,1800000,1750000,1958,3498,11488,03/01/2025 12:00:00 AM,03/24/2025 12:00:00 AM,04/28/2025 12:00:00 AM,62
Closed,SB25011572,1799000,1754200,1991,2634,11903,01/21/2025 12:00:00 AM,09/21/2025 12:00:00 AM,10/31/2025 12:00:00 AM,168
Closed,PW24012863,1750000,1760000,1957,2017,6689,01/21/2024 12:00:00 AM,02/03/2024 12:00:00 AM,03/05/2024 12:00:00 AM,8
Closed,SB25055773,1799000,1774000,1967,4175,9572,04/23/2025 12:00:00 AM,06/05/2025 12:00:00 AM,06/24/2025 12:00:00 AM,37
Closed,PV23088307,1895000,1800000,1960,2135,8313,05/20/2023 12:00:00 AM,06/28/2023 12:00:00 AM,07/28/2023 12:00:00 AM,38
Closed,SB24027459,1895000,1840000,1993,3655,6822,02/07/2024 12:00:00 AM,05/23/2024 12:00:00 AM,07/16/2024 12:00:00 AM,95
Closed,24447823,1849000,1849000,1959,2259,7200,10/17/2024 12:00:00 AM,10/21/2024 12:00:00 AM,11/20/2024 12:00:00 AM,18
Closed,NDP2509263,1675000,1915000,1959,2612,10018.8,09/14/2025 12:00:00 AM,10/03/2025 12:00:00 AM,12/03/2025 12:00:00 AM,54
Closed,SB23147723,1899999,1915000,1957,2000,15112,08/13/2023 12:00:00 AM,08/31/2023 12:00:00 AM,09/29/2023 12:00:00 AM,15
Closed,PW25048844,1999000,1983250,1961,2216,711683280,03/11/2025 12:00:00 AM,03/28/2025 12:00:00 AM,05/28/2025 12:00:00 AM,16
Closed,SB23049386,2190000,2025000,1962,2603,20179,03/05/2023 12:00:00 AM,07/08/2023 12:00:00 AM,08/08/2023 12:00:00 AM,99
Closed,SB25138476,2299000,2100000,1962,3600,7802,06/19/2025 12:00:00 AM,09/05/2025 12:00:00 AM,10/16/2025 12:00:00 AM,77
Closed,SB23202170,2500000,2400000,1957,3613,11262,10/31/2023 12:00:00 AM,11/29/2023 12:00:00 AM,12/21/2023 12:00:00 AM,29
Closed,PV25074142,2500000,2500000,1959,3212,7681,02/20/2025 12:00:00 AM,05/02/2025 12:00:00 AM,06/02/2025 12:00:00 AM,12
Closed,OC24126247,2500000,2825000,1973,3172,11003,06/17/2024 12:00:00 AM,07/03/2024 12:00:00 AM,07/18/2024 12:00:00 AM,13
Expired,225002729,1899000,,1955,1846,7649,06/02/2025 12:00:00 AM,,,154
Expired,DW24177426,2000000,,1970,2146,5794,08/24/2024 12:00:00 AM,,,29
Expired,SB23202115,2150000,,1958,1712,5824,11/03/2023 12:00:00 AM,,,114
Expired,PV23123825,2250000,,1973,2500,5404,02/10/2023 12:00:00 AM,,,0
Expired,PV24206122,2295500,,1962,2361,9728,06/17/2024 12:00:00 AM,,,12
Expired,PV25032801,2399000,,1965,2255,6695,03/01/2025 12:00:00 AM,,,195
Expired,PV25074328,2499000,,1972,4221,17637,04/04/2025 12:00:00 AM,,,161
Expired,PTP2403583,2499000,,1965,2255,6695,06/19/2024 12:00:00 AM,,,159
Expired,SB24067816,2525000,,1962,1952,7433,04/05/2024 12:00:00 AM,,,95
Expired,SB23189082,2649000,,1965,2255,6695,10/12/2023 12:00:00 AM,,,195
Expired,PV25063412,2680000,,1972,2900,8928,04/02/2025 12:00:00 AM,,,0
Expired,24423345,2749000,,1974,3068,10927,08/05/2024 12:00:00 AM,,,119
Expired,SB25020360,3220000,,1992,4371,10153,02/03/2025 12:00:00 AM,,,133
Expired,PV24080038,3298000,,1969,2845,8070,03/08/2024 12:00:00 AM,,,74
Expired,SB23157339,3499000,,1951,2742,15356,09/03/2023 12:00:00 AM,12/10/2023 12:00:00 AM,,135
Expired,SB24128807,3650000,,1988,4677,17532,06/24/2024 12:00:00 AM,,,0
Expired,OC23067727,3890000,,1987,5370,16648,04/21/2023 12:00:00 AM,,,84
Expired,SB25253022,4295000,,2017,3569,19115,11/02/2025 12:00:00 AM,,,13
Expired,SB25195099,4295000,,2017,3569,19115,08/29/2025 12:00:00 AM,,,63
Expired,SB24084806,4499000,,1977,4658,15419,04/29/2024 12:00:00 AM,,,183
Expired,SB23087211,5250000,,1972,3755,21323,05/22/2023 12:00:00 AM,,,94
Expired,PV24044042,5777000,,2023,4363,10635,03/05/2024 12:00:00 AM,,,206
Expired,22198817,6499000,,1981,8170,19203,09/12/2022 12:00:00 AM,,,228
Expired,SB24124278,6599000,,1976,4300,11663,06/20/2024 12:00:00 AM,,,179
Expired,SB24214415,7700000,,1965,3350,27385,10/16/2024 12:00:00 AM,,,198
Expired,SB23013412,13000000,,1969,4832,34386,01/18/2023 12:00:00 AM,,,443
Expired,PV24202409,2499000,,1959,2298,8591,09/30/2024 12:00:00 AM,,,69
Expired,PW25031150,2600000,,1962,3001,12723,02/05/2025 12:00:00 AM,,,178
Expired,PV24164568,2825000,,1976,3000,29061,08/08/2024 12:00:00 AM,,,73
Expired,PV25249382,2899000,,1961,2100,7026,11/13/2025 12:00:00 AM,,,30
Expired,PV23101801,2899000,,1972,3129,19246,06/08/2023 12:00:00 AM,,,181
Expired,PV24166835,2999000,,1990,4668,11617,08/12/2024 12:00:00 AM,,,307
Expired,PV25221278,3500000,,1959,2852,24986,10/01/2025 12:00:00 AM,,,90
Expired,25611261,3750000,,1955,3119,21590,10/28/2025 12:00:00 AM,,,20
Expired,PV25033583,3900000,,1959,2852,24986,04/26/2025 12:00:00 AM,,,119
Expired,SB23115689,3999000,,1987,4130,15464,06/27/2023 12:00:00 AM,,,83
Expired,OC23016890,4500000,,1976,5838,13718,01/26/2023 12:00:00 AM,,,174
Expired,WS23217213,4785000,,1963,4206,17641,01/09/2024 12:00:00 AM,,,110
Expired,PV24118465,4990000,,1989,5862,12453,06/10/2024 12:00:00 AM,,,309
Expired,PV25216906,5999000,,1969,5342,13671,09/13/2025 12:00:00 AM,,,168
Expired,25599111,6388000,,1976,5861,12882,09/30/2025 12:00:00 AM,,,48
Expired,PV25159314,6450000,,1970,6258,29643,07/17/2025 12:00:00 AM,,,90
Expired,PV24123523,6500000,,1969,5346,13671,06/20/2024 12:00:00 AM,,,72
Expired,OC24167158,6529000,,1955,3586,65179,08/13/2024 12:00:00 AM,,,109
Expired,OC24084799,6630000,,1955,3586,65179,04/30/2024 12:00:00 AM,,,92
Expired,OC25024075,6780000,,1955,3586,65179,02/02/2025 12:00:00 AM,,,148
Expired,OC25153371,6880000,,1955,3586,65179,07/08/2025 12:00:00 AM,,,176
Expired,PV25028140,6995000,,2025,5861,12882,02/01/2025 12:00:00 AM,,,67
Expired,OC25111367,7999999,,2000,7556,31236,05/19/2025 12:00:00 AM,,,64
Expired,SB24087729,8500000,,2000,7556,31236,05/01/2024 12:00:00 AM,,,92
Expired,EV23146250,2600000,,1957,2426,7516,08/07/2023 12:00:00 AM,,,130
Expired,PV23085662,2999995,,1951,2468,7987,05/18/2023 12:00:00 AM,,,82
Expired,PV24207390,3285000,,1952,2601,6730,10/09/2024 12:00:00 AM,10/17/2024 12:00:00 AM,,59
Expired,NS24148096,3400000,,1956,2365,8104,07/19/2024 12:00:00 AM,,,92
Expired,PV23158340,3450000,,1960,2391,16663,08/28/2023 12:00:00 AM,,,49
Expired,PV25070376,3739000,,1930,2338,9459,04/01/2025 12:00:00 AM,,,121
Expired,PW24072796,3788888,,1930,2338,9417,04/11/2024 12:00:00 AM,,,86
Expired,PV23026956,3799000,,1968,3217,7932,02/16/2023 12:00:00 AM,,,132
Expired,SB23091782,3850000,,1992,4464,13769,07/20/2023 12:00:00 AM,,,41
Expired,PV23178152,3899000,,1956,2450,7893,09/23/2023 12:00:00 AM,,,99
Expired,OC23073211,3978000,,1930,2338,9456,06/10/2023 12:00:00 AM,,,69
Expired,OC26019571,4199000,,1965,2855,7450,01/03/2026 12:00:00 AM,,,62
Expired,PV24103810,4750000,,1958,2332,7544,05/21/2024 12:00:00 AM,,,48
Expired,PV24065462,8790000,,1995,9932,48095,04/05/2024 12:00:00 AM,,,646
Expired,PV25050513,8950000,,1952,2866,20627,03/12/2025 12:00:00 AM,,,65
Expired,25512915,12999999,,1970,6872,32950,03/17/2025 12:00:00 AM,,,40
Expired,SB24197252,2199000,,1956,1799,8361,09/23/2024 12:00:00 AM,,,99
Expired,SB24150007,2199000,,1956,1799,8378,07/21/2024 12:00:00 AM,,,61
Expired,WS23141124,2360000,,1956,2350,7406,07/04/2023 12:00:00 AM,,,170
Expired,AR25069891,2500000,,1973,2580,14789,03/13/2025 12:00:00 AM,,,82
Expired,SB22202107,3250000,,1974,2460,8086,09/14/2022 12:00:00 AM,,,37
Expired,PV25046504,1699000,,1960,2388,17483,03/04/2025 12:00:00 AM,,,163
Expired,PV24200219,2098000,,1955,2346,25537,09/25/2024 12:00:00 AM,,,343
Expired,SB25085191,2200000,,1956,1453,36056,04/01/2025 12:00:00 AM,,,162
Expired,WS25247089,2488000,,1972,3104,15931,10/28/2025 12:00:00 AM,,,19
Expired,SB25133988,2490000,,1947,2083,10741,06/16/2025 12:00:00 AM,,,55
Expired,SB25167691,2495000,,1961,2193,42432,07/25/2025 12:00:00 AM,,,72
Expired,25478859,2500000,,1960,3454,18569,02/24/2025 12:00:00 AM,,,102
Expired,SB24146157,2575000,,1947,2002,10741,07/22/2024 12:00:00 AM,,,68
Expired,PV25120924,2599000,,1956,2445,32304,05/30/2025 12:00:00 AM,,,97
Expired,225001250,2699950,,1956,2742,37117,03/13/2025 12:00:00 AM,,,185
Expired,PV24169740,2995000,,1956,3296,37117,08/16/2024 12:00:00 AM,,,125
Expired,PV24149819,2995000,,2024,3020,19996,07/25/2024 12:00:00 AM,,,98
Expired,PV24112725,2999000,,1955,3117,14041,05/28/2024 12:00:00 AM,,,70
Expired,PV24008009,3195000,,1963,2528,38000,01/21/2024 12:00:00 AM,,,31
Expired,SB24029378,3245000,,1974,3403,29655,02/10/2024 12:00:00 AM,,,19
Expired,SB24023228,3245000,,1974,3403,29655,02/01/2024 12:00:00 AM,,,6
Expired,SB23167899,3245000,,1974,3403,29655,09/08/2023 12:00:00 AM,,,145
Expired,PV23201897,3328000,,1956,2337,20400,11/13/2023 12:00:00 AM,,,72
Expired,SB24162279,3499950,,1948,3286,29483,08/06/2024 12:00:00 AM,,,159
Expired,OC23051175,3599000,,1970,4596,56185,04/03/2023 12:00:00 AM,,,17
Expired,SB25137403,3650000,,1999,3692,14024,06/18/2025 12:00:00 AM,,,148
Expired,SB24026425,4495000,,2001,6080,75104,02/06/2024 12:00:00 AM,,,72
Expired,SB25035897,3290000,,1964,3028,69696,01/22/2025 12:00:00 AM,,,114
Expired,PV24246210,3500000,,1950,3868,48940,12/07/2024 12:00:00 AM,,,113
Expired,SB25004702,3799000,,1964,4136,49538,01/01/2025 12:00:00 AM,,,143
Expired,PV24125036,4000000,,1950,3868,48940,06/18/2024 12:00:00 AM,,,167
Expired,SB24117662,4299000,,1959,3000,105758,06/10/2024 12:00:00 AM,,,277
Expired,P1-21007,4795000,,2020,3439,50598,02/26/2025 12:00:00 AM,,,133
Expired,PV25091613,5495000,,1957,4641,120486,04/25/2025 12:00:00 AM,,,169
Expired,PV25230760,5500000,,1965,4975,87774,09/30/2025 12:00:00 AM,,,58
Expired,PV25069474,5995000,,1939,5141,84743,03/28/2025 12:00:00 AM,,,249
Expired,WS25197866,6000000,,1990,7085,138212,08/28/2025 12:00:00 AM,,,178
Expired,WS25072329,6000000,,1990,7085,138212,02/01/2025 12:00:00 AM,,,151
Expired,23323903,6988000,,1964,5089,90332,10/21/2023 12:00:00 AM,,,230
Expired,SB24179748,7499000,,1963,5000,85956,09/06/2024 12:00:00 AM,,,97
Expired,PV25157800,7500000,,1963,5000,85956,07/14/2025 12:00:00 AM,,,126
Expired,PV24102276,9995000,,1970,6064,219158,05/20/2024 12:00:00 AM,,,312
Expired,PV23217047,11000000,,1970,6200,219158,11/27/2023 12:00:00 AM,,,159
Expired,23267723,13500000,,1970,6200,219107,05/09/2023 12:00:00 AM,,,152
Expired,PW24001396,1599000,,1960,2784,22151,01/03/2024 12:00:00 AM,,,77
Expired,PW23115504,1599999,,1960,2784,22147,06/28/2023 12:00:00 AM,,,166
Expired,PW23188438,1745000,,1963,2035,19719,10/11/2023 12:00:00 AM,,,92
Expired,SB24067865,1749000,,1957,2048,20862,04/04/2024 12:00:00 AM,,,161
Expired,SB25119348,1795000,,1964,2539,12522,05/22/2025 12:00:00 AM,,,185
Expired,PW24110152,1799000,,1955,1534,26142,06/01/2024 12:00:00 AM,,,122
Expired,PV25200303,1810000,,1967,2912,11726,09/07/2025 12:00:00 AM,,,88
Expired,PV25201356,1825000,,2023,2667,8072,09/11/2025 12:00:00 AM,,,60
Expired,SR24250232,1900000,,1956,2560,44712,12/16/2024 12:00:00 AM,,,82
Expired,SB25264498,1925000,,1960,2323,34691,11/21/2025 12:00:00 AM,,,97
Expired,SB25034143,1998000,,1973,2661,17829,02/20/2025 12:00:00 AM,,,31
Expired,SB25098799,1999000,,1968,3016,18295.2,05/03/2025 12:00:00 AM,,,183
Expired,SB23085166,2000000,,1954,2374,8117,05/16/2023 12:00:00 AM,,,7
Expired,PW24062267,2030000,,1954,2232,14947,03/29/2024 12:00:00 AM,,,114
Expired,OC25029100,2175000,,1957,2369,24636,01/26/2025 12:00:00 AM,,,54
Expired,PV23146766,2219000,,1967,3593,7901,08/07/2023 12:00:00 AM,,,191
Expired,SB24126300,2299000,,1968,2711,11858,06/21/2024 12:00:00 AM,,,40
Expired,SB25271956,2320000,,1962,2613,14324,12/05/2025 12:00:00 AM,02/11/2026 12:00:00 AM,,97
Expired,SB25257555,2500000,,1968,3016,18295.2,11/10/2025 12:00:00 AM,,,97
Expired,SB25057406,2500000,,1968,3016,18295.2,03/14/2025 12:00:00 AM,,,46
Expired,SB25046902,2500000,,1968,3016,18295.2,03/03/2025 12:00:00 AM,,,11
Expired,WS25020011,2590000,,1974,2493,14948,01/28/2025 12:00:00 AM,,,64
Expired,PW25127926,2750000,,1956,3418,19860,06/07/2025 12:00:00 AM,,,146
Expired,PV23174755,2795000,,1980,4123,20528,08/22/2023 12:00:00 AM,,,147
Expired,24473229,2890000,,2014,5105,19752,12/19/2024 12:00:00 AM,,,194
Expired,PV23183593,2895000,,1963,3072,24483,10/02/2023 12:00:00 AM,,,123
Expired,223001499,2995000,,1971,4142,22053,04/21/2023 12:00:00 AM,,,9
Expired,23301901,3200000,,1953,4012,29815,09/08/2023 12:00:00 AM,,,5
Expired,PV25091729,3424000,,2010,4524,19568,04/25/2025 12:00:00 AM,,,153
Expired,PV24122238,3450000,,1973,6508,26922,07/01/2024 12:00:00 AM,,,204
Expired,SB25130311,3595000,,2005,5467,15149,06/10/2025 12:00:00 AM,,,126
Expired,SB25086641,3599999,,2007,4500,21383,03/27/2025 12:00:00 AM,,,156
Expired,PV24005759,4400000,,1973,6508,26922,01/03/2024 12:00:00 AM,,,91
Expired,SB25234927,5200000,,1994,8533,20206,10/07/2025 12:00:00 AM,,,92
Expired,SB25159856,5200000,,1994,8533,20206,07/15/2025 12:00:00 AM,,,46
Expired,PV25123480,1798000,,1959,1685,14542,06/07/2025 12:00:00 AM,,,110
Expired,PV24069951,1799000,,1959,2082,36372,04/09/2024 12:00:00 AM,,,244
Expired,PV25167073,1899000,,1961,2570,12361,07/24/2025 12:00:00 AM,,,92
Expired,SB25124148,1899000,,1964,2558,29855,06/03/2025 12:00:00 AM,,,105
Expired,PV25018063,1998800,,1964,2588,29855,01/23/2025 12:00:00 AM,,,90
Expired,PV25179619,2285000,,1960,2210,10146,08/05/2025 12:00:00 AM,,,172
Expired,SB24206426,2599000,,1998,4001,8479,10/06/2024 12:00:00 AM,,,241
Expired,SB25115660,2599999,,1990,3948,7123,05/22/2025 12:00:00 AM,,,91
Expired,PV25051031,2659000,,1990,3948,7123,03/07/2025 12:00:00 AM,,,68
Expired,PV24129529,2800000,,1970,3196,12222,06/24/2024 12:00:00 AM,,,69
Expired,25509653,2900000,,1964,1874,64946,03/10/2025 12:00:00 AM,,,83
Expired,SB24069833,13999999,,2019,7634,27878.4,02/02/2024 12:00:00 AM,,,419
Expired,SB24178248,620000,,1956,2051,27950,08/27/2024 12:00:00 AM,,,122
Expired,PW25037134,1200000,,1956,1865,11799,02/20/2025 12:00:00 AM,,,180
Expired,P1-18566,1349000,,1951,2294,22491,07/19/2024 12:00:00 AM,,,105
Expired,PV24122709,1350000,,2004,4059,12083,06/15/2024 12:00:00 AM,,,118
Expired,SB24209962,1500000,,1956,3312,12368,10/09/2024 12:00:00 AM,,,27
Expired,P1-17420,1648000,,1988,2474,3857,04/26/2024 12:00:00 AM,,,44
Expired,PV25154628,1790000,,1987,2447,4436,07/09/2025 12:00:00 AM,,,118
Expired,TR25189774,1890000,,1960,2791,11325.6,08/21/2025 12:00:00 AM,,,2
Expired,TR25130633,1890000,,1960,2791,11202,06/12/2025 12:00:00 AM,,,61
Expired,PV24254883,1895000,,1963,2497,14879,12/28/2024 12:00:00 AM,,,112
Expired,SB23213196,1950000,,1956,1843,10437,11/17/2023 12:00:00 AM,,,87
Expired,PV25062780,1995000,,1954,1662,4914,03/21/2025 12:00:00 AM,,,307
Expired,PV24128436,1995000,,1956,2505,10105,06/23/2024 12:00:00 AM,,,153
Expired,OC24117706,2070000,,1987,2474,4415,06/09/2024 12:00:00 AM,,,173
Expired,PV25093270,2139000,,1960,2791,11234,04/28/2025 12:00:00 AM,,,42
Expired,OC24140780,2250000,,1984,3890,4912,07/09/2024 12:00:00 AM,,,409
Expired,SB25012121,2299000,,1984,3556,5477,08/09/2024 12:00:00 AM,,,82
Expired,23228793,2400000,,1949,2900,23027,01/08/2023 12:00:00 AM,,,1
Expired,223004525,2590000,,1951,3362,25822,11/13/2023 12:00:00 AM,,,81
Expired,SB24090874,2875000,,1973,3018,21010,05/04/2024 12:00:00 AM,,,59
Expired,SB24110700,2895000,,1950,2000,33742,06/03/2024 12:00:00 AM,,,51
Expired,PV24190888,2900000,,1959,2162,16638,09/12/2024 12:00:00 AM,,,60
Expired,SW24082566,2999999,,1950,1159,4560,04/24/2024 12:00:00 AM,,,184
Expired,223002122,2999999,,1951,3362,25822,06/01/2023 12:00:00 AM,,,121
Expired,SW23180053,3400000,,1950,1159,4560,09/26/2023 12:00:00 AM,,,183
Expired,LG24094703,3745000,,1991,4368,25752,05/09/2024 12:00:00 AM,,,181
Expired,LG23157121,3895000,,1991,4368,25752,08/16/2023 12:00:00 AM,,,64
Expired,SW25170806,4000000,,1950,1159,4560,07/25/2025 12:00:00 AM,,,179
Expired,SW25001560,4000000,,1950,1159,4560,01/03/2025 12:00:00 AM,,,180
Expired,PV25030583,5600000,,1989,4983,16467,02/01/2025 12:00:00 AM,,,326
Expired,24442507,8800000,,1959,2175,148673,09/20/2024 12:00:00 AM,,,410
Expired,PV25257115,8950000,,2025,4978,16679,11/09/2025 12:00:00 AM,,,144
Expired,OC24238119,1725000,,1959,3429,20062,11/19/2024 12:00:00 AM,,,35
Expired,WS24033115,2280000,,1987,2920,5389,02/16/2024 12:00:00 AM,,,180
Expired,PV25199799,3000000,,1998,4050,10139,09/04/2025 12:00:00 AM,,,105
Expired,PV24226085,3250000,,1998,4050,10139,10/31/2024 12:00:00 AM,,,157
Expired,SB24007040,3299000,,1969,4303,12147,01/11/2024 12:00:00 AM,,,47
Expired,SB25136986,4150000,,2012,4624,10479,07/14/2025 12:00:00 AM,,,78
Expired,PV25022385,4195000,,2006,4394,12370,02/07/2025 12:00:00 AM,,,184
Expired,PV24107243,5998000,,1991,5357,20402,05/28/2024 12:00:00 AM,,,177
Expired,TR25167463,8750000,,1991,8055,43900,07/24/2025 12:00:00 AM,,,98
Expired,SB25134077,9800000,,1951,4509,46497,06/16/2025 12:00:00 AM,,,182
Expired,WS23122806,17980000,,1997,12279,48686,07/13/2023 12:00:00 AM,,,65
Expired,SB24209031,2200000,,1966,2875,8361,10/18/2024 12:00:00 AM,,,228
Expired,SB23229547,2495000,,1978,3257,20116,12/22/2023 12:00:00 AM,,,222
Expired,PV24191880,2690000,,2006,2862,14723,09/16/2024 12:00:00 AM,,,24
Expired,PV23141036,2790000,,2006,2862,14723,07/31/2023 12:00:00 AM,,,122
Expired,IG25228901,2900000,,1976,3191,21618,10/01/2025 12:00:00 AM,,,75
Expired,DW24135623,2999999.99,,1966,3752,17563,07/01/2024 12:00:00 AM,,,75
Expired,OC25071420,3199000,,1965,4416,12720,04/02/2025 12:00:00 AM,,,59
Expired,WS25133083,3380000,,1985,4336,14210,06/06/2025 12:00:00 AM,,,94
Expired,SR23155236,3550000,,2006,4007,15100,04/28/2023 12:00:00 AM,,,100
Expired,CV24083807,3995000,,1969,4504,18605,04/26/2024 12:00:00 AM,,,144
Expired,SB24117255,4880000,,1982,4152,15184,06/06/2024 12:00:00 AM,,,95
Expired,25546335,4999999,,2025,7084,19907,06/01/2025 12:00:00 AM,,,92
Expired,PV25073485,5995000,,2025,7084,20002,04/03/2025 12:00:00 AM,,,57
Expired,PV25155399,2720000,,1987,2920,15773,07/11/2025 12:00:00 AM,,,173
Expired,SB22226136,2795000,,1986,4249,9991,10/19/2022 12:00:00 AM,,,176
Expired,OC25200387,2980000,,1979,3312,14402,09/05/2025 12:00:00 AM,,,25
Expired,OC25051837,2980000,,1979,3312,14402,03/09/2025 12:00:00 AM,,,179
Expired,SB23021250,3200000,,2000,3334,17279,02/06/2023 12:00:00 AM,,,84
Expired,P1-24880,3600000,,1984,3428,35117,11/08/2025 12:00:00 AM,,,106
Expired,SB25190058,5100000,,2002,4873,27873,08/20/2025 12:00:00 AM,,,14
Expired,TR23148412,7499999,,2020,7100,56623,08/09/2023 12:00:00 AM,,,174
Expired,PV24128183,7500000,,1989,7848,22768,06/27/2024 12:00:00 AM,,,187
Expired,SB25072085,1600000,,1962,1684,9007,04/02/2025 12:00:00 AM,,,241
Expired,OC25011034,1760000,,1972,1672,7009,01/15/2025 12:00:00 AM,,,135
Expired,SB24138673,1839000,,1963,1856,7965,07/07/2024 12:00:00 AM,,,142
Expired,24467699,1899900,,1964,2440,7281,11/27/2024 12:00:00 AM,,,159
Expired,SR24091187,2000000,,1964,2512,8978,05/04/2024 12:00:00 AM,,,43
Expired,PV24084367,2250000,,1962,2539,34323,04/27/2024 12:00:00 AM,,,43
Expired,PV25144285,2295000,,1964,2440,10430,06/27/2025 12:00:00 AM,,,65
Expired,SB24168794,2375000,,1972,2513,12092,08/14/2024 12:00:00 AM,,,11
Expired,PV25019908,2495000,,1964,2440,10430,02/20/2025 12:00:00 AM,,,72
Expired,TR25206920,1149900,,1979,1913,1212,09/09/2025 12:00:00 AM,,,171
Expired,21113709,1899000,,1966,2323,9659,01/05/2022 12:00:00 AM,,,0
Expired,SB25110496,2199000,,1965,1899,26631,05/17/2025 12:00:00 AM,,,169
Expired,SB24138465,1849500,,1958,1890,8425,07/07/2024 12:00:00 AM,,,0
Expired,SB23196623,1899000,,1963,2140,13468,10/23/2023 12:00:00 AM,,,39
Expired,SB23150259,1999999,,1960,2300,7474,08/11/2023 12:00:00 AM,,,58
Expired,OC22182285,999999,,1973,1769,7107,08/18/2022 12:00:00 AM,,,7
Expired,WS24103197,1090000,,1950,1394,5640,05/21/2024 12:00:00 AM,,,113
Expired,SB24191390,1199000,,1959,1746,6906,09/13/2024 12:00:00 AM,,,22
Expired,DW23154488,1200000,,1958,1746,7571,08/16/2023 12:00:00 AM,,,81
Expired,DW24011247,1250000,,1958,1746,7571,01/18/2024 12:00:00 AM,,,0
Expired,SB22214404,1258888,,1962,2180,8129,10/03/2022 12:00:00 AM,,,46
Expired,PV23077378,1449000,,1959,1746,9748,05/05/2023 12:00:00 AM,,,45
Expired,SB25214500,1450000,,1959,1780,9969,09/10/2025 12:00:00 AM,,,93
Expired,SB25072985,1500000,,1959,1780,9969,04/03/2025 12:00:00 AM,,,91
Expired,PV25126403,1549000,,1961,1790,6401,05/21/2025 12:00:00 AM,,,67
Expired,PV23191063,1700000,,1955,1367,7211,10/13/2023 12:00:00 AM,,,92
Expired,SB25257692,1750000,,1957,2726,6991,11/24/2025 12:00:00 AM,,,27
Expired,SB24086092,1170000,,1958,1360,6658,04/30/2024 12:00:00 AM,,,4
Expired,SB24153749,1245000,,1954,1516,5900,07/24/2024 12:00:00 AM,,,89
Expired,OC23114279,1399000,,1964,1776,9712,06/27/2023 12:00:00 AM,,,187
Expired,PW24222197,1495000,,1964,2531,6572,10/27/2024 12:00:00 AM,,,127
Expired,AR25189302,1548000,,1961,1910,6749,08/22/2025 12:00:00 AM,,,92
Expired,AR25119229,1599000,,1961,1910,6749,05/28/2025 12:00:00 AM,,,85
Expired,AR24252365,1649000,,1961,1910,6747,03/20/2025 12:00:00 AM,,,60
Expired,SB24108437,1695000,,1961,2514,7319,06/17/2024 12:00:00 AM,,,85
Expired,PV25156577,1750000,,1962,2431,11319,07/12/2025 12:00:00 AM,,,118
Expired,SB23014343,2199000,,1993,3655,6822,02/03/2023 12:00:00 AM,,,178
Canceled,PV24006813,7800,,1954,2462,10221,01/11/2024 12:00:00 AM,,,0
Canceled,PV25036889,13000,,1951,2770,10833,02/19/2025 12:00:00 AM,,,0
Canceled,SB23093059,1898000,,1956,1959,8346,05/27/2023 12:00:00 AM,,,74
Canceled,PV23083021,1948000,,1960,2075,8797,05/13/2023 12:00:00 AM,,,65
Canceled,PV25103604,2000000,,1955,2037,5932,05/09/2025 12:00:00 AM,,,69
Canceled,PV24079850,2099000,,1955,2037,5932,04/22/2024 12:00:00 AM,,,203
Canceled,SB24190533,2199000,,1958,1721,8533,09/12/2024 12:00:00 AM,,,26
Canceled,PV23189338,2200000,,1962,2293,5004,10/10/2023 12:00:00 AM,,,130
Canceled,PV23169351,2258000,,1955,2031,19160,09/10/2023 12:00:00 AM,,,99
Canceled,OC24145921,2399000,,1960,2311,7469,07/16/2024 12:00:00 AM,,,6
Canceled,PV25071624,2649000,,1972,2900,8928,04/02/2025 12:00:00 AM,,,45
Canceled,PV25057497,2748000,,1977,3876,15580,03/15/2025 12:00:00 AM,,,59
Canceled,PV24218235,2750000,,1975,3473,12824,10/21/2024 12:00:00 AM,,,182
Canceled,PV24183425,2750000,,1998,3062,6596,07/09/2024 12:00:00 AM,,,63
Canceled,PV24074120,2795000,,1974,3068,10927,04/19/2024 12:00:00 AM,,,94
Canceled,PV25167106,2850000,,1974,3412,8412,08/02/2025 12:00:00 AM,,,66
Canceled,PV24154986,2890000,,1956,2405,12643,08/01/2024 12:00:00 AM,,,111
Canceled,PV23207443,2990000,,1976,2700,10860,11/07/2023 12:00:00 AM,,,68
Canceled,PV23196419,3249000,,1956,2819,11956,10/20/2023 12:00:00 AM,,,35
Canceled,PV23202305,3250000,,1977,4350,9536,10/30/2023 12:00:00 AM,,,54
Canceled,PV25178860,3298000,,1973,3442,11020,08/08/2025 12:00:00 AM,,,137
Canceled,SB23122325,3299998,,1965,3356,10814,07/08/2023 12:00:00 AM,,,118
Canceled,PV24063215,3449000,,1972,3527,16238,03/31/2024 12:00:00 AM,,,52
Canceled,WS25225248,3450000,,1995,4030,8202,09/25/2025 12:00:00 AM,,,35
Canceled,PV25128436,3499000,,1995,4030,8202,06/09/2025 12:00:00 AM,,,44
Canceled,SB25092117,3499000,,1984,3840,15520,04/28/2025 12:00:00 AM,,,73
Canceled,SB24009087,3625000,,1963,2490,24322,01/16/2024 12:00:00 AM,,,98
Canceled,PV23167208,3738238,,1972,3527,16238,09/07/2023 12:00:00 AM,,,64
Canceled,SB24218477,3750000,,1953,2550,10464,10/21/2024 12:00:00 AM,,,96
Canceled,24418281,3795000,,2001,4526,10542,07/23/2024 12:00:00 AM,,,61
Canceled,PV25229469,3800000,,1977,4012,16172,09/30/2025 12:00:00 AM,,,63
Canceled,WS25166264,3888000,,1995,4030,8202,07/23/2025 12:00:00 AM,,,54
Canceled,SB24079711,3895000,,2001,4526,10542,04/08/2024 12:00:00 AM,,,87
Canceled,TR25113676,3990800,,1976,3409,15088,05/21/2025 12:00:00 AM,,,89
Canceled,PV25059947,4098000,,1977,4012,16172,03/20/2025 12:00:00 AM,,,186
Canceled,SB23146407,4099000,,1973,3162,8763,08/04/2023 12:00:00 AM,,,23
Canceled,OC24010804,4200000,,2001,4526,10542,01/17/2024 12:00:00 AM,,,69
Canceled,SB24213372,4350000,,1955,3000,11663,10/16/2024 12:00:00 AM,,,121
Canceled,PV24092292,4395000,,1978,5249,15186,05/10/2024 12:00:00 AM,,,82
Canceled,PV23163986,4395000,,1976,4251,16029,09/14/2023 12:00:00 AM,,,64
Canceled,SB25121448,4500000,,2017,3569,19115,05/29/2025 12:00:00 AM,,,91
Canceled,SB24081862,4595000,,2020,3868,8969,04/29/2024 12:00:00 AM,,,98
Canceled,SB25109657,4625000,,1979,6076,39283,05/19/2025 12:00:00 AM,,,245
Canceled,SR25020785,4695000,,2025,3285,7456,01/28/2025 12:00:00 AM,,,41
Canceled,SR25077878,4745000,,2025,3285,7456,04/09/2025 12:00:00 AM,,,135
Canceled,24473301,4768888,,2017,3919,19115,12/19/2024 12:00:00 AM,,,132
Canceled,SB24184470,4775000,,1979,6076,39283,09/05/2024 12:00:00 AM,,,190
Canceled,SB23133972,4950000,,2007,3567,10521,07/20/2023 12:00:00 AM,,,14
Canceled,PV25014217,5459000,,2023,4363,10635,01/20/2025 12:00:00 AM,,,177
Canceled,PV23177601,5989000,,2023,4363,10635,09/22/2023 12:00:00 AM,,,56
Canceled,PV25085123,7995000,,2001,2849,16180,04/17/2025 12:00:00 AM,,,32
Canceled,PV25257625,7999000,,1993,8613,22262,11/10/2025 12:00:00 AM,,,105
Canceled,219117276DA,8900000,,1970,2815,18480,09/25/2024 12:00:00 AM,,,202
Canceled,219104015DA,9500000,,1970,2815,18480,12/12/2023 12:00:00 AM,,,260
Canceled,PV25075430,17999000,,2025,6937,17216,04/07/2025 12:00:00 AM,,,169
Canceled,PV25052064,18999000,,2007,11810,35179,03/09/2025 12:00:00 AM,,,274
Canceled,PV23174548,19999000,,2007,11810,35179,09/18/2023 12:00:00 AM,,,424
Canceled,SB25059235,29750000,,2016,12472,50239,03/18/2025 12:00:00 AM,,,188
Canceled,SB23170243,29750000,,2016,12472,50239,07/21/2023 12:00:00 AM,,,440
Canceled,OC23225980,2299000,,1974,2615,8955,12/14/2023 12:00:00 AM,,,75
Canceled,SB24125370,2350000,,1956,2368,11984,06/20/2024 12:00:00 AM,,,153
Canceled,RS23135944,2370000,,1974,2615,8953,07/23/2023 12:00:00 AM,,,71
Canceled,PV24111423,2799000,,1960,3033,12046,06/02/2024 12:00:00 AM,,,115
Canceled,PW25037831,3100000,,1969,4480,20203,02/20/2025 12:00:00 AM,,,273
Canceled,PV25032329,3295000,,1955,3010,12015,02/12/2025 12:00:00 AM,,,28
Canceled,SB25010162,3390000,,1987,5370,16651,12/11/2024 12:00:00 AM,,,94
Canceled,24418411,3499000,,1987,5370,16651,07/26/2024 12:00:00 AM,,,116
Canceled,WS24093490,3499000,,1987,5370,16651,04/15/2024 12:00:00 AM,,,82
Canceled,25601627,3499999,,1955,3284,7934,10/04/2025 12:00:00 AM,,,47
Canceled,PV25004537,3650000,,1964,3445,9847,01/08/2025 12:00:00 AM,,,157
Canceled,PV25203305,3750000,,1955,3119,21590,06/27/2025 12:00:00 AM,,,41
Canceled,PV25068001,3750000,,1955,3305,25462,03/28/2025 12:00:00 AM,,,99
Canceled,PV25012111,3950000,,1955,3305,25462,01/17/2025 12:00:00 AM,,,69
Canceled,PV24236490,4200000,,1972,4500,20808,11/18/2024 12:00:00 AM,,,131
Canceled,PV24095275,4500000,,1963,3559,18177,05/10/2024 12:00:00 AM,,,39
Canceled,SB25281295,4790000,,2018,3995,16393,12/01/2025 12:00:00 AM,,,48
Canceled,SB25073699,4998000,,2018,3995,16393,04/04/2025 12:00:00 AM,,,56
Canceled,PV25076372,5199000,,2016,5552,14857,04/07/2025 12:00:00 AM,,,143
Canceled,SB25085499,5250000,,2023,3612,15107,04/18/2025 12:00:00 AM,,,23
Canceled,SB24159425,5299000,,1989,6143,20911,07/27/2024 12:00:00 AM,,,13
Canceled,24346423,5599000,,2004,4034,10717,01/11/2024 12:00:00 AM,,,242
Canceled,PV22111572,5699999,,2016,5552,14854,05/23/2022 12:00:00 AM,07/24/2024 12:00:00 AM,,91
Canceled,PV24155805,5750000,,1997,4874,11243,07/29/2024 12:00:00 AM,,,131
Canceled,PV23167699,5950000,,1965,4950,30775,08/25/2023 12:00:00 AM,,,75
Canceled,PV25096340,6388000,,2025,5861,12882,05/01/2025 12:00:00 AM,,,77
Canceled,AR26013608,6400000,,2013,6258,29643,01/18/2026 12:00:00 AM,,,61
Canceled,SB25005613,6599000,,2013,6258,29673,01/09/2025 12:00:00 AM,,,182
Canceled,SB22183996,6799900,,1970,6258,29673,08/18/2022 12:00:00 AM,,,328
Canceled,SB23046662,7499000,,2005,6280,39222,01/20/2023 12:00:00 AM,,,154
Canceled,PV25020681,7995000,,2000,7556,31236,02/16/2025 12:00:00 AM,,,80
Canceled,25558627,9488000,,2011,8610,29975,07/01/2025 12:00:00 AM,,,131
Canceled,PV23205952,9488000,,2011,8610,29975,11/09/2023 12:00:00 AM,05/14/2025 12:00:00 AM,,585
Canceled,PV25065575,9900000,,2001,7500,66139,03/25/2025 12:00:00 AM,,,219
Canceled,SB23173759,12800000,,1994,18227,63168,09/15/2023 12:00:00 AM,,,231
Canceled,PV22151508,13999000,,2016,6831,29967,07/11/2022 12:00:00 AM,,,464
Canceled,PV23022612,15500000,,2004,15147,69896,02/09/2023 12:00:00 AM,,,0
Canceled,PV24006585,2395000,,1949,1497,8609,01/11/2024 12:00:00 AM,,,127
Canceled,SB24230647,2589000,,1953,2029,7127,11/08/2024 12:00:00 AM,,,75
Canceled,SB24196654,2695000,,1953,2029,7127,09/21/2024 12:00:00 AM,,,33
Canceled,SB23144048,2695000,,1953,2029,7127,08/03/2023 12:00:00 AM,,,48
Canceled,SB25221335,2699000,,1956,2669,7280,09/19/2025 12:00:00 AM,,,45
Canceled,SB25129697,2750000,,1956,2669,7280,06/06/2025 12:00:00 AM,,,93
Canceled,SB24096725,2795000,,1953,2029,7127,05/20/2024 12:00:00 AM,,,124
Canceled,SB23121933,2799000,,1953,2029,7127,07/08/2023 12:00:00 AM,,,26
Canceled,SB25249952,2899000,,1956,3340,12193,10/29/2025 12:00:00 AM,,,136
Canceled,PV25115212,3100000,,1960,2400,16668,05/22/2025 12:00:00 AM,,,25
Canceled,PV24103186,3175000,,1958,2542,7069,05/28/2024 12:00:00 AM,,,7
Canceled,PV25220890,3199000,,1956,3340,12193,09/19/2025 12:00:00 AM,,,25
Canceled,PV24255017,3250000,,1960,2391,16668,12/30/2024 12:00:00 AM,,,93
Canceled,OC25147764,3299000,,1980,3884,20440,07/01/2025 12:00:00 AM,,,126
Canceled,PV24046516,3385000,,1962,2811,6663,02/22/2024 12:00:00 AM,03/16/2024 12:00:00 AM,,32
Canceled,SB25179279,3499000,,1956,3340,12190,08/08/2025 12:00:00 AM,,,39
Canceled,PV23102575,3675000,,1963,3196,12154,06/09/2023 12:00:00 AM,,,61
Canceled,SB25090375,3725000,,1956,3340,12190,04/24/2025 12:00:00 AM,,,0
Canceled,25516815,3749000,,2000,3428,5484,03/26/2025 12:00:00 AM,,,18
Canceled,24440799,3749000,,2000,3428,5484,09/18/2024 12:00:00 AM,,,189
Canceled,OC24050192,3750000,,1975,2106,5736,06/05/2024 12:00:00 AM,,,116
Canceled,SB24124590,3845000,,1957,3455,6926,07/23/2024 12:00:00 AM,,,150
Canceled,SR24168488,3849000,,2000,3428,5489,08/14/2024 12:00:00 AM,,,25
Canceled,SR24120419,3949000,,2000,3428,5489,06/12/2024 12:00:00 AM,,,57
Canceled,PV24233256,3995000,,2025,5142,21181,06/09/2024 12:00:00 AM,,,0
Canceled,SB25121984,3999000,,1986,3354,6724,06/02/2025 12:00:00 AM,,,78
Canceled,SB25038508,4495000,,1940,1668,15464,02/21/2025 12:00:00 AM,,,132
Canceled,PV25013619,4800000,,2012,3867,19379,01/19/2025 12:00:00 AM,,,75
Canceled,PV24139184,4800000,,2012,3867,19379,07/08/2024 12:00:00 AM,,,102
Canceled,PV24085241,5000000,,1959,3867,19379,04/29/2024 12:00:00 AM,,,36
Canceled,24384525,5000000,,1959,4175,19379,04/25/2024 12:00:00 AM,,,4
Canceled,SB24011062,5349000,,2013,4795,12038,01/18/2024 12:00:00 AM,,,22
Canceled,PV23152436,5499000,,2013,4795,12038,08/15/2023 12:00:00 AM,,,125
Canceled,SB23197053,6499000,,2012,5038,11716,10/24/2023 12:00:00 AM,,,55
Canceled,25490305,9300000,,1952,2866,20627,01/30/2025 12:00:00 AM,,,41
Canceled,24360019,9350000,,1952,2866,20627,02/20/2024 12:00:00 AM,,,289
Canceled,OC23154934,11250000,,1994,7590,23854,08/17/2023 12:00:00 AM,,,366
Canceled,24472531,14499000,,1970,6872,32950,12/16/2024 12:00:00 AM,,,136
Canceled,PV24149810,16888000,,1970,6872,32950,07/21/2024 12:00:00 AM,,,48
Canceled,24454423,17900000,,2017,11809,38636,10/21/2024 12:00:00 AM,,,156
Canceled,SB24091043,1880000,,1950,1625,8124,05/24/2024 12:00:00 AM,,,73
Canceled,PV24160252,1999999,,1954,1987,7745,09/04/2024 12:00:00 AM,,,116
Canceled,PV23078154,1999999,,1978,3700,8995,05/08/2023 12:00:00 AM,,,110
Canceled,SB24054781,2695000,,1941,1764,9759,03/19/2024 12:00:00 AM,,,105
Canceled,PV25120517,2750000,,1950,1700,11468,05/16/2025 12:00:00 AM,,,40
Canceled,24443641,3000000,,1951,2762,13482,09/26/2024 12:00:00 AM,,,152
Canceled,PV25134513,3799000,,1947,3110,9200,06/16/2025 12:00:00 AM,,,143
Canceled,PV24115227,4290000,,1996,4204,9258,06/07/2024 12:00:00 AM,,,160
Canceled,PV24053921,4690000,,1996,4204,9258,03/18/2024 12:00:00 AM,,,40
Canceled,SB25258041,1779000,,1956,1542,12609,11/15/2025 12:00:00 AM,,,106
Canceled,PV25091584,1980000,,1956,1900,19999,04/25/2025 12:00:00 AM,,,97
Canceled,SB23186019,1999000,,1953,2358,11490,10/05/2023 12:00:00 AM,,,12
Canceled,OC25038892,1999800,,1973,2985,19317,02/21/2025 12:00:00 AM,,,95
Canceled,SW24101105,2199000,,1955,2346,25537,05/16/2024 12:00:00 AM,,,44
Canceled,PV25169164,2574000,,1978,2903,24770,06/27/2025 12:00:00 AM,,,98
Canceled,PV24141653,2590000,,1975,3637,15758,07/11/2024 12:00:00 AM,,,228
Canceled,PV25129582,2748000,,1972,3104,15931,06/06/2025 12:00:00 AM,,,116
Canceled,SB25199984,2849000,,1986,3418,30374,08/30/2025 12:00:00 AM,,,73
Canceled,SB24204877,2858888,,1960,3454,18569,10/01/2024 12:00:00 AM,,,10
Canceled,PV24169434,2949000,,1955,3470,15555,08/15/2024 12:00:00 AM,,,109
Canceled,PW23222819,2995000,,1989,4142,35450,12/07/2023 12:00:00 AM,,,120
Canceled,SB24061907,3000000,,2026,4560,16557,04/02/2024 12:00:00 AM,,,63
Canceled,SB25012930,3199000,,2024,2795,16260,01/17/2025 12:00:00 AM,,,56
Canceled,PV23084174,3245000,,1974,3403,29655,05/16/2023 12:00:00 AM,,,85
Canceled,SB24119663,3249000,,2024,2795,16260,06/11/2024 12:00:00 AM,,,106
Canceled,PV24085921,3328000,,1956,2337,20400,04/29/2024 12:00:00 AM,,,51
Canceled,25539529,3498000,,1959,3646,28508,05/21/2025 12:00:00 AM,,,21
Canceled,PV25158372,3750000,,1989,5000,19009,07/14/2025 12:00:00 AM,,,84
Canceled,21682464,3850000,,1990,4737,20381,01/25/2021 12:00:00 AM,,,1798
Canceled,PV23182280,4250000,,1998,5076,18416,10/09/2023 12:00:00 AM,,,43
Canceled,SB23095286,4495000,,2001,6080,75104,06/07/2023 12:00:00 AM,,,168
Canceled,PV25279054,5888000,,2002,5662,37026,12/20/2025 12:00:00 AM,,,31
Canceled,SB25156958,1700000,,1977,3822,50913,07/10/2025 12:00:00 AM,,,75
Canceled,SB25139447,1900000,,1977,3822,50913,06/19/2025 12:00:00 AM,,,20
