Coming Soon,CV26069600,1890000,,1952,2600,24524,03/31/2026 12:00:00 AM,,,0
Coming Soon,PV26067604,2775000,,1964,2677,12516,03/29/2026 12:00:00 AM,,,0
Coming Soon,PV26068555,1899000,,1963,2428,9501,03/31/2026 12:00:00 AM,,,0
Active,PV26069951,2750000,,1974,3412,8412,04/06/2026 12:00:00 AM,,,0
Active,PV26066847,3200000,,1971,3150,10129,03/27/2026 12:00:00 AM,,,10
Active,PV26043004,3289000,,1973,3442,11020,02/26/2026 12:00:00 AM,,,39
Active,PV26053499,3999888,,1976,3097,7761,03/10/2026 12:00:00 AM,,,14
Active,SB26016771,4300000,,1979,6076,39283,01/23/2026 12:00:00 AM,,,73
Active,SR25239229,4395000,,2025,3595,7456,10/09/2025 12:00:00 AM,,,174
Active,PV26000560,4995000,,1980,5298,14499,01/13/2026 12:00:00 AM,,,56
Active,PV25265790,5399000,,2011,5576,15839,11/24/2025 12:00:00 AM,,,133
Active,26647461,5500000,,2023,4363,10637,02/04/2026 12:00:00 AM,,,61
Active,26656799,9495000,,2024,6165,16986,02/26/2026 12:00:00 AM,,,39
Active,SB26037312,11900000,,2019,11000,23109,01/17/2026 12:00:00 AM,,,41
Active,PV26061348,3000000,,1958,3441,18977,03/16/2026 12:00:00 AM,,,13
Active,SR25224222,3700000,,1953,3818,20341,09/24/2025 12:00:00 AM,,,188
Active,PV26065077,4500000,,1976,3000,29200,03/26/2026 12:00:00 AM,,,9
Active,PV25046515,5950000,,1981,7734,65479,03/03/2025 12:00:00 AM,,,399
Active,OC26014205,6780000,,1955,3586,65179,01/22/2026 12:00:00 AM,,,74
Active,SB25278581,7188000,,2008,6349,18998,12/18/2025 12:00:00 AM,,,56
Active,PV26047166,7450000,,2000,7556,31236,08/17/2025 12:00:00 AM,,,33
Active,26668675,9480000,,2011,8610,29975,03/30/2026 12:00:00 AM,,,7
Active,PV26048855,9900000,,2001,7500,66139,03/05/2026 12:00:00 AM,,,32
Active,SB25139538,28888000,,1994,34143,143392,06/20/2025 12:00:00 AM,,,289
Active,OC25282317,3199000,,1980,3884,20440,01/03/2026 12:00:00 AM,,,81
Active,SB26030844,3800000,,1958,2332,7544,02/10/2026 12:00:00 AM,,,52
Active,SB25182697,4395000,,1940,1668,15464,07/17/2025 12:00:00 AM,,,196
Active,PV26044153,5280000,,1970,3906,8995,02/27/2026 12:00:00 AM,,,38
Active,PV26007957,5500000,,2026,3800,10250,01/12/2026 12:00:00 AM,,,84
Active,SB26013765,8200000,,2005,6468,24378,01/25/2026 12:00:00 AM,,,70
Active,26666347,9350000,,1952,2866,20631,03/23/2026 12:00:00 AM,,,14
Active,SB25244824,2125000,,1949,1911,7789,10/31/2025 12:00:00 AM,,,138
Active,PV26054989,2199000,,1954,2334,7202,03/13/2026 12:00:00 AM,,,24
Active,PV26050873,2199000,,1955,1811,7650,02/25/2026 12:00:00 AM,,,28
Active,PV26037792,3100000,,1950,2436,9544,02/22/2026 12:00:00 AM,,,43
Active,PV26013584,4899000,,2008,3871,13387,02/19/2026 12:00:00 AM,,,37
Active,SB26024622,2450000,,1978,3578,23027,02/03/2026 12:00:00 AM,,,62
Active,PV26050997,2494000,,1978,2903,24770,03/07/2026 12:00:00 AM,,,28
Active,SR26003593,2739000,,1990,3940,22620,01/07/2026 12:00:00 AM,,,81
Active,SB26062458,2850000,,1990,3913,23644,03/23/2026 12:00:00 AM,,,14
Active,PV26028345,2899000,,1961,3227,20143,02/06/2026 12:00:00 AM,,,56
Active,SB26063017,3985000,,1947,3101,21366,03/23/2026 12:00:00 AM,,,14
Active,PV26054163,4500000,,2016,4855,18836,03/12/2026 12:00:00 AM,,,25
Active,PV25157424,2495000,,1949,2600,50838,07/13/2025 12:00:00 AM,,,266
Active,PV26027861,4750000,,1957,4641,120486,02/06/2026 12:00:00 AM,,,59
Active,PV26001465,4995000,,2015,3536,55412,01/01/2026 12:00:00 AM,,,85
Active,WS26055189,5280000,,2013,5035,41061,03/12/2026 12:00:00 AM,,,25
Active,PV25272474,5895000,,1939,5274,84743,12/07/2025 12:00:00 AM,,,116
Active,WS26065821,6000000,,1990,7085,138212,03/25/2026 12:00:00 AM,,,11
Active,PV24234187,6000000,,1999,6600,73586,11/18/2024 12:00:00 AM,,,499
Active,PV26057607,6450000,,1998,7250,86145,03/19/2026 12:00:00 AM,,,15
Active,PV26058396,7270000,,2026,13617,307671,03/16/2026 12:00:00 AM,,,20
Active,PV26057028,8750000,,1952,6269,187893,03/16/2026 12:00:00 AM,,,21
Active,PV26046180,19800000,,2015,9463,54732,03/03/2026 12:00:00 AM,,,34
Active,PW26050645,1649000,,1963,2035,19723,03/09/2026 12:00:00 AM,,,28
Active,PV26045323,1725000,,1969,2398,22118,03/02/2026 12:00:00 AM,,,35
Active,OC25264189,2195000,,1958,2471,16704,11/20/2025 12:00:00 AM,,,117
Active,PV25156715,2250000,,1977,3290,19528,07/12/2025 12:00:00 AM,,,268
Active,PV26065880,2445000,,1989,3214,7294,03/27/2026 12:00:00 AM,,,10
Active,SB26038926,2600000,,1968,3016,18295.2,02/21/2026 12:00:00 AM,,,44
Active,PV25263768,2749000,,1968,2828,16122,11/20/2025 12:00:00 AM,,,137
Active,PV26062122,2800000,,1951,2754,26513,03/27/2026 12:00:00 AM,,,10
Active,PV26023893,3200000,,1955,4138,26725,02/02/2026 12:00:00 AM,,,48
Active,PV25235652,3250000,,2010,4524,19568,10/08/2025 12:00:00 AM,,,180
Active,SB26056041,1600000,,1969,1929,9134,03/03/2026 12:00:00 AM,,,21
Active,OC26046198,1800000,,1960,1893,10146,03/09/2026 12:00:00 AM,,,28
Active,PV25254593,1887000,,1971,2115,9764,11/05/2025 12:00:00 AM,,,152
Active,SB25042936,1999999,,1998,4017,9887,02/26/2025 12:00:00 AM,,,404
Active,SB26043408,2298000,,1962,2487,12075,02/27/2026 12:00:00 AM,,,35
Active,SB26033352,2399000,,1998,4001,8479,02/13/2026 12:00:00 AM,,,50
Active,SB26063141,2499000,,1970,3309,12222,03/26/2026 12:00:00 AM,,,11
Active,SB26040913,2499000,,1990,4741,8121,02/26/2026 12:00:00 AM,,,38
Active,26636723,3050000,,1965,2547,12132,01/14/2026 12:00:00 AM,,,82
Active,SB25194384,13999999,,2019,7634,27878,08/27/2025 12:00:00 AM,,,220
Active,SB25229708,1200000,,1950,2000,33742,10/01/2025 12:00:00 AM,,,187
Active,PV26005928,1765000,,1987,2447,4436,02/19/2026 12:00:00 AM,,,45
Active,26666145,1795000,,1954,1631,9124,03/29/2026 12:00:00 AM,,,8
Active,PV26019307,1800000,,1979,2846,1584,02/02/2026 12:00:00 AM,,,63
Active,PV26057653,1850000,,1965,2000,15457,03/10/2026 12:00:00 AM,,,13
Active,PV26067246,2050000,,1963,1922,13040,03/24/2026 12:00:00 AM,,,4
Active,PV26029010,2395000,,2000,2837,11693,03/18/2026 12:00:00 AM,,,19
Active,PV26062675,3450000,,1998,3470,17510,03/23/2026 12:00:00 AM,,,14
Active,PV26052679,5600000,,1989,4983,16467,02/01/2026 12:00:00 AM,,,27
Active,219140207DA,5990000,,1984,4960,14211,12/18/2025 12:00:00 AM,,,108
Active,PV26071976,7950000,,2025,4978,16679,04/03/2026 12:00:00 AM,,,2
Active,PV25171152,7998888,,2019,6149,19368,07/30/2025 12:00:00 AM,,,250
Active,TR25260659,8880000,,2005,6208,12669,11/19/2025 12:00:00 AM,,,138
Active,SB26051384,2025000,,1970,2779,10262,03/09/2026 12:00:00 AM,,,28
Active,PV26034542,2680000,,1961,2510,10287,02/09/2026 12:00:00 AM,,,39
Active,WS25184322,8800000,,2001,8313,41384,08/15/2025 12:00:00 AM,,,234
Active,PV26024119,8950000,,1998,7300,55111,02/09/2026 12:00:00 AM,,,56
Active,WS26055278,13260000,,1997,12279,48696,03/13/2026 12:00:00 AM,,,24
Active,SB25028567,17692312,,2007,7969,32105,02/21/2025 12:00:00 AM,,,409
Active,SB24238352,2600000,,1978,3257,20116,11/19/2024 12:00:00 AM,,,501
Active,SB26038559,2950000,,1970,3487,20673,02/02/2025 12:00:00 AM,,,21
Active,PV26018119,2990000,,1979,4173,14785,10/21/2025 12:00:00 AM,,,60
Active,PV26004756,2990000,,1989,3956,21732,01/08/2026 12:00:00 AM,,,86
Active,PV25281801,3150000,,1962,2915,24727,01/02/2026 12:00:00 AM,,,94
Active,P1-26203,3498000,,1984,3428,35117,03/11/2026 12:00:00 AM,,,26
Active,PV26062453,3998000,,1965,3547,18024,03/23/2026 12:00:00 AM,,,14
